track_id,frame_id,timestamp_ms,agent_type,vx,vy,psi_rad,length,width,time,x,y
2815,24242,0,Car,0.0566408778711391,0.0076461513242698,0.12714803810403885,4.6,2.1,2022-03-16 11:26:40.698,-5.848110850405223,-14.986231625869449
2815,24243,100,Car,0.0566408778711391,0.0076461513242698,0.12714803810403885,4.6,2.1,2022-03-16 11:26:40.798,-5.848110850405223,-14.986231625869449
2815,24245,200,Car,0.1692290866511303,0.0228887921341502,0.12714803810403885,4.6,2.1,2022-03-16 11:26:40.898,-5.848110850405223,-14.986231625869449
2815,24246,300,Car,0.2801458727911221,0.0380113109212309,0.12714803810403885,4.6,2.1,2022-03-16 11:26:40.998,-5.848110850405223,-14.986231625869449
2815,24248,400,Car,0.3885498112785867,0.0529409767483102,0.12714803810403885,4.6,2.1,2022-03-16 11:26:41.098,-5.848110850405223,-14.986231625869449
2815,24249,500,Car,0.4936539597110912,0.0675513602519294,0.12714803810403885,4.6,2.1,2022-03-16 11:26:41.198,-5.848110850405223,-14.986231625869449
2815,24251,600,Car,0.5947360044686967,0.0816471736753143,0.12714803810403885,4.6,2.1,2022-03-16 11:26:41.298,-5.848110850405223,-14.986231625869449
2815,24252,700,Car,0.6911215412218218,0.0949654454914039,0.12714803810403885,4.6,2.1,2022-03-16 11:26:41.398,-5.848110850405223,-14.986231625869449
2815,24253,800,Car,0.7821853935510248,0.1071820545651469,0.12714803810403885,4.6,2.1,2022-03-16 11:26:41.498,-5.848110850405223,-14.986231625869449
2815,24255,900,Car,0.8673732645696396,0.1179685153600117,0.12714803810403885,4.6,2.1,2022-03-16 11:26:41.598,-5.848110850405223,-14.986231625869449
2815,24257,1000,Car,0.9462341825074638,0.1270583486572007,0.12714803810403885,4.6,2.1,2022-03-16 11:26:41.698,-5.740439128137422,-14.972467122374056
2815,24258,1100,Car,1.018437790156561,0.1342969372539925,0.12714803810403885,4.6,2.1,2022-03-16 11:26:41.798,-5.63276740586962,-14.958702618878663
2815,24260,1200,Car,1.0837516881463485,0.1396099916850168,0.12714803810403885,4.6,2.1,2022-03-16 11:26:41.898,-5.525095683601819,-14.944938115383268
2815,24261,1300,Car,1.1420130154451869,0.1429563126808371,0.12241596008044811,4.6,2.1,2022-03-16 11:26:41.998,-5.417423961334017,-14.931173611887875
2815,24263,1400,Car,1.1931494371345062,0.1443035844926219,0.12241596008044811,4.6,2.1,2022-03-16 11:26:42.098,-5.309752239066216,-14.917409108392482
2815,24264,1500,Car,1.2371947405824548,0.1436314475044572,0.12241596008044811,4.6,2.1,2022-03-16 11:26:42.198,-5.181125864897491,-14.903654172379301
2815,24266,1600,Car,1.274307169104567,0.1409340922467271,0.12241596008044811,4.6,2.1,2022-03-16 11:26:42.298,-5.052499490728765,-14.88989923636612
2815,24267,1700,Car,1.3047358289997304,0.1362041433213965,0.12241596008044811,4.6,2.1,2022-03-16 11:26:42.398,-4.92387311656004,-14.876144300352937
2815,24269,1800,Car,1.3288172280622577,0.1294277574546675,0.0982900969447936,4.6,2.1,2022-03-16 11:26:42.498,-4.795246742391315,-14.862389364339757
2815,24270,1900,Car,1.346956429313959,0.1205851530685818,0.0982900969447936,4.6,2.1,2022-03-16 11:26:42.598,-4.659131619223321,-14.852181442136548
2815,24272,2000,Car,1.359625688285888,0.109656452776683,0.0982900969447936,4.6,2.1,2022-03-16 11:26:42.698,-4.523016496055327,-14.841973519933337
2815,24273,2100,Car,1.367344448126966,0.0966208978686467,0.0982900969447936,4.6,2.1,2022-03-16 11:26:42.798,-4.386901372887332,-14.831765597730127
2815,24275,2200,Car,1.3706783609929651,0.0814543844144743,0.06213527206298662,4.6,2.1,2022-03-16 11:26:42.898,-4.250786249719337,-14.821557675526918
2815,24276,2300,Car,1.3702166978944064,0.0641266350688417,0.06213527206298662,4.6,2.1,2022-03-16 11:26:42.998,-4.114555933356497,-14.818300470047141
2815,24278,2400,Car,1.3665645887692166,0.0445988315900256,0.06213527206298662,4.6,2.1,2022-03-16 11:26:43.098,-3.9783256169936574,-14.815043264567365
2815,24279,2500,Car,1.3603259453501912,0.0228226420371233,0.06213527206298662,4.6,2.1,2022-03-16 11:26:43.198,-3.8420953006308176,-14.811786059087586
2815,24281,2600,Car,1.352105422499785,-0.0012598895049013,0.004444969001976987,4.6,2.1,2022-03-16 11:26:43.298,-3.7058649842679774,-14.80852885360781
2815,24282,2700,Car,1.342500152911481,-0.0277146919049898,0.004444969001976987,4.6,2.1,2022-03-16 11:26:43.398,-3.573186390029571,-14.815894083360156
2815,24284,2800,Car,1.332096655183901,-0.0566202609158673,0.004444969001976987,4.6,2.1,2022-03-16 11:26:43.498,-3.440507795791165,-14.823259313112501
2815,24285,2900,Car,1.321453509779435,-0.0880734470016796,0.004444969001976987,4.6,2.1,2022-03-16 11:26:43.598,-3.3078292015527593,-14.830624542864847
2815,24287,3000,Car,1.311093451661427,-0.1222007902713076,-0.08392037216467654,4.6,2.1,2022-03-16 11:26:43.698,-3.175150607314353,-14.837989772617194
2815,24288,3100,Car,1.3014929292966526,-0.1591597143242751,-0.08392037216467654,4.6,2.1,2022-03-16 11:26:43.798,-3.0460980472247146,-14.860231666534325
2815,24290,3200,Car,1.2930811631226775,-0.1991387520257782,-0.08392037216467654,4.6,2.1,2022-03-16 11:26:43.898,-2.917045487135076,-14.882473560451459
2815,24291,3300,Car,1.2862368675338718,-0.2423499447274046,-0.08392037216467654,4.6,2.1,2022-03-16 11:26:43.998,-2.787992927045438,-14.904715454368592
2815,24293,3400,Car,1.2812914436323284,-0.2890273456078596,-0.20897218766168352,4.6,2.1,2022-03-16 11:26:44.098,-2.6589403669558,-14.926957348285724
2815,24294,3500,Car,1.278525339679213,-0.3394247692185819,-0.20897218766168352,4.6,2.1,2022-03-16 11:26:44.198,-2.530878448934701,-14.969493345849214
2815,24296,3600,Car,1.2781699561335678,-0.3938164039857207,-0.20897218766168352,4.6,2.1,2022-03-16 11:26:44.298,-2.4028165309136025,-15.012029343412703
2815,24297,3700,Car,1.2804060101934664,-0.4524856268633392,-0.20897218766168352,4.6,2.1,2022-03-16 11:26:44.398,-2.2747546128925036,-15.054565340976193
2815,24299,3800,Car,1.2853754148377037,-0.5157131024719419,-0.36591580988054206,4.6,2.1,2022-03-16 11:26:44.498,-2.1466926948714047,-15.097101338539684
2815,24300,3900,Car,1.2931830821917776,-0.5837645999626596,-0.36591580988054206,4.6,2.1,2022-03-16 11:26:44.598,-2.0154720026231576,-15.166982644135373
2815,24302,4000,Car,1.3039020759104702,-0.6568911880056304,-0.36591580988054206,4.6,2.1,2022-03-16 11:26:44.698,-1.8842513103749103,-15.236863949731063
2815,24303,4100,Car,1.317566465454376,-0.7353252788015219,-0.36591580988054206,4.6,2.1,2022-03-16 11:26:44.798,-1.753030618126663,-15.306745255326755
2815,24305,4200,Car,1.3341760663732625,-0.8192711570577771,-0.5346689057896855,4.6,2.1,2022-03-16 11:26:44.898,-1.621809925878416,-15.376626560922444
2815,24306,4300,Car,1.353691656673608,-0.9088935402572672,-0.5346689057896855,4.6,2.1,2022-03-16 11:26:44.998,-1.4828208999448016,-15.482421821812181
2815,24308,4400,Car,1.3760381122189198,-1.004320753473316,-0.5346689057896855,4.6,2.1,2022-03-16 11:26:45.098,-1.3438318740111874,-15.588217082701917
2815,24309,4500,Car,1.401099498734326,-1.105648887716271,-0.5346689057896855,4.6,2.1,2022-03-16 11:26:45.198,-1.2048428480775732,-15.694012343591652
2815,24311,4600,Car,1.4287317697177169,-1.2129472541425912,-0.6744533859573072,4.6,2.1,2022-03-16 11:26:45.298,-1.0658538221439589,-15.799807604481389
2815,24312,4700,Car,1.4587714687063078,-1.3262422511884606,-0.6744533859573072,4.6,2.1,2022-03-16 11:26:45.398,-0.919976675273328,-15.932431829600231
2815,24314,4800,Car,1.4910596277920012,-1.4455022792625627,-0.7698855688747056,4.6,2.1,2022-03-16 11:26:45.498,-0.7708707124941279,-16.07698205752649
2815,24315,4900,Car,1.5254463167715366,-1.5706171357141945,-0.7999868871135318,4.6,2.1,2022-03-16 11:26:45.598,-0.6183260808169742,-16.23404377109791
2815,24317,5000,Car,1.5618052029793754,-1.7013933867475473,-0.8281485913871117,4.6,2.1,2022-03-16 11:26:45.698,-0.4621455605190366,-16.404183109772664
2815,24318,5100,Car,1.6000247031926011,-1.8375549202789188,-0.8543866056331643,4.6,2.1,2022-03-16 11:26:45.798,-0.3021430901997765,-16.587938601800555
2815,24320,5200,Car,1.6400181354506798,-1.97876024152837,-0.8787329470962694,4.6,2.1,2022-03-16 11:26:45.898,-0.1381412766547084,-16.785814625953392
2815,24321,5300,Car,1.681716117012492,-2.124612662074341,-0.9012351905412355,4.6,2.1,2022-03-16 11:26:45.998,0.0300303350465408,-16.998275892160827
2815,24323,5400,Car,1.7250793864944178,-2.27468217827532,-0.9219519041239875,4.6,2.1,2022-03-16 11:26:46.098,0.2025382736959826,-17.22574410998836
2815,24324,5500,Car,1.7700903801920291,-2.4285037551982582,-0.9409489113772034,4.6,2.1,2022-03-16 11:26:46.198,0.3795473117151857,-17.468594485508184
2815,24326,5600,Car,1.816763192103813,-2.5855945746054227,-0.9582953043207602,4.6,2.1,2022-03-16 11:26:46.298,0.561223630925567,-17.727153942968727
2815,24327,5700,Car,1.8651306442387448,-2.745447593843337,-0.9740615809925117,4.6,2.1,2022-03-16 11:26:46.398,0.7477366953494415,-18.00169870235306
2815,24329,5800,Car,1.915249263226933,-2.907559648104724,-0.9883198779220432,4.6,2.1,2022-03-16 11:26:46.498,0.939261621672135,-18.292454667163533
2815,24330,5900,Car,1.9671840286917148,-3.071429177373588,-1.0011438261685814,4.6,2.1,2022-03-16 11:26:46.598,1.1359800245413063,-18.59959758490089
2815,24332,6000,Car,2.021014552199769,-3.2365918816580925,-1.0126093418334423,4.6,2.1,2022-03-16 11:26:46.698,1.3380814797612834,-18.9232567730667
2815,24333,6100,Car,2.076822367479568,-3.4026095342088425,-1.0227927818274498,4.6,2.1,2022-03-16 11:26:46.798,1.5457637165092402,-19.263517726487585
2815,24335,6200,Car,2.13469915971751,-3.5690891445807797,-1.0317694966063709,4.6,2.1,2022-03-16 11:26:46.898,1.7592336324809912,-19.620426640945663
2815,24336,6300,Car,2.194735657189226,-3.735644741109674,-1.0396098774539766,4.6,2.1,2022-03-16 11:26:46.998,1.9787071981999136,-19.99399111505663
2815,24338,6400,Car,2.2570314204913835,-3.9019060192760335,-1.0463781610123182,4.6,2.1,2022-03-16 11:26:47.098,2.204410340249052,-20.384181716984237
2815,24339,6500,Car,2.321677850222964,-4.067497419792546,-1.052133398881974,4.6,2.1,2022-03-16 11:26:47.198,2.4365781252713488,-20.790931458963488
2815,24341,6600,Car,2.388757971874496,-4.232068246713182,-1.0569326997629167,4.6,2.1,2022-03-16 11:26:47.298,2.6754539224587983,-21.214138283634806
2815,24342,6700,Car,2.458326046415651,-4.395274091549696,-1.0608325159293805,4.6,2.1,2022-03-16 11:26:47.398,2.921286527100364,-21.653665692789776
2815,24344,6800,Car,2.530411574585525,-4.556789525483609,-1.0638887067138139,4.6,2.1,2022-03-16 11:26:47.498,3.174327684558916,-22.109344645338137
2815,24345,6900,Car,2.6049977832269358,-4.716270944496444,-1.0661562844440058,4.6,2.1,2022-03-16 11:26:47.598,3.43482746288161,-22.58097173978778
2815,24347,7000,Car,2.6820122468346628,-4.873374196918867,-1.0676921969938025,4.6,2.1,2022-03-16 11:26:47.698,3.703028687565076,-23.068309159479668
2815,24348,7100,Car,2.761297112959887,-5.027729251251465,-1.068557104162803,4.6,2.1,2022-03-16 11:26:47.798,3.979158398861065,-23.57108208460481
2815,24350,7200,Car,2.8426202350077814,-5.17899147771722,-1.068817058694052,4.6,2.1,2022-03-16 11:26:47.898,4.263420422361843,-24.088981232376536
2815,24351,7300,Car,2.925681293650193,-5.326844257292045,-1.0685417931531007,4.6,2.1,2022-03-16 11:26:47.998,4.555988551726863,-24.62166565810574
2815,24353,7400,Car,3.010149288027858,-5.471054833308175,-1.067803097042018,4.6,2.1,2022-03-16 11:26:48.098,4.857003480529649,-25.16877114143656
2815,24354,7500,Car,3.095664816515526,-5.611443743850942,-1.0666719186868026,4.6,2.1,2022-03-16 11:26:48.198,5.166569962181201,-25.72991551582165
2815,24356,7600,Car,3.181866707736116,-5.747894458351226,-1.0652157298672456,4.6,2.1,2022-03-16 11:26:48.298,5.484756632954813,-26.30470496165677
2815,24357,7700,Car,3.2683814499065287,-5.880295202951088,-1.0634963191606004,4.6,2.1,2022-03-16 11:26:48.398,5.811594777945466,-26.892734481951884
2815,24359,7800,Car,3.3548386860628177,-6.008537436753408,-1.0615685553751173,4.6,2.1,2022-03-16 11:26:48.498,6.147078646551748,-27.493588225627224
2815,24360,7900,Car,3.440856472737454,-6.132467081280063,-1.059479785676504,4.6,2.1,2022-03-16 11:26:48.598,6.491164293825493,-28.10683493375523
2815,24362,8000,Car,3.52606711456169,-6.251913248262256,-1.0572695820128526,4.6,2.1,2022-03-16 11:26:48.698,6.843771005281663,-28.732026258581456
2815,24363,8100,Car,3.610110038419385,-6.366675413893965,-1.0549706678936468,4.6,2.1,2022-03-16 11:26:48.798,7.204782009123601,-29.368693799970853
2816,24321,5300,Car,-3.366985998584373,5.282805565985275,2.1379007142225217,4.6,2.1,2022-03-16 11:26:45.998,26.08336645349013,-29.505892528691778
2816,24323,5400,Car,-3.259711492182227,5.1181634004973,2.1379007142225217,4.6,2.1,2022-03-16 11:26:46.098,25.75739530427191,-28.994076188642047
2816,24324,5500,Car,-3.14538287956573,4.941408448155933,2.1376480027381137,4.6,2.1,2022-03-16 11:26:46.198,25.442857016315337,-28.49993534382645
2816,24326,5600,Car,-3.0246613316028017,4.753600760126771,2.1374720382807895,4.6,2.1,2022-03-16 11:26:46.298,25.140390883155057,-28.024575267813777
2816,24327,5700,Car,-2.898240922105656,4.555869801131714,2.137377275420032,4.6,2.1,2022-03-16 11:26:46.398,24.85056679094449,-27.56898828770061
2816,24329,5800,Car,-2.7668620286063823,4.3494352964860274,2.137368358271986,4.6,2.1,2022-03-16 11:26:46.498,24.573880588083853,-27.134044758052003
2816,24331,5900,Car,-2.631325364864597,4.135629179802789,2.137450045106824,4.6,2.1,2022-03-16 11:26:46.598,24.310748051597397,-26.720481840071724
2816,24332,6000,Car,-2.492506563323752,3.915918505617703,2.137627037846322,4.6,2.1,2022-03-16 11:26:46.698,24.061497395265015,-26.328889989509957
2816,24333,6100,Car,-2.351361612846147,3.6919146038890474,2.13790359389394,4.6,2.1,2022-03-16 11:26:46.798,23.826361233980403,-25.95969852912105
2816,24335,6200,Car,-2.208891596370072,3.465319633442902,2.1382827213420317,4.6,2.1,2022-03-16 11:26:46.898,23.6054720743434,-25.61316656577676
2816,24336,6300,Car,-2.066088988353308,3.237840925144297,2.138765435718115,4.6,2.1,2022-03-16 11:26:46.998,23.398863175508065,-25.28938247326233
2816,24338,6400,Car,-1.9238930149144176,3.011117200153636,2.139350045442593,4.6,2.1,2022-03-16 11:26:47.098,23.206473874016623,-24.988270753246965
2816,24339,6500,Car,-1.783172962284956,2.7866895030780023,2.140031023509544,4.6,2.1,2022-03-16 11:26:47.198,23.028156577788128,-24.709601802939165
2816,24341,6600,Car,-1.6447279324864206,2.565992651254943,2.140798354054897,4.6,2.1,2022-03-16 11:26:47.298,22.86368378453949,-24.45300253781367
2816,24342,6700,Car,-1.5092780694638448,2.350329600703454,2.141637476955186,4.6,2.1,2022-03-16 11:26:47.398,22.7127559775931,-24.217969577743325
2816,24344,6800,Car,-1.3774670639628557,2.140852638188768,2.142531859331202,4.6,2.1,2022-03-16 11:26:47.498,22.575009271196816,-24.00388431392445
2816,24345,6900,Car,-1.249860843569869,1.938550900778005,2.143464770999995,4.6,2.1,2022-03-16 11:26:47.598,22.45002318683983,-23.810029223846648
2816,24347,7000,Car,-1.1269512393803898,1.7442473625558814,2.144422183887265,4.6,2.1,2022-03-16 11:26:47.698,22.33732806290179,-23.63560448759106
2816,24348,7100,Car,-1.0091559702366124,1.558606013774906,2.1453933434992076,4.6,2.1,2022-03-16 11:26:47.798,22.23641246587813,-23.47974388621357
2816,24350,7200,Car,-0.8968181930344692,1.3821325940141451,2.147730062729661,4.6,2.1,2022-03-16 11:26:47.898,22.162126002031854,-23.36559659046539
2816,24351,7300,Car,-0.7902076418923797,1.2151834084574276,2.147730062729661,4.6,2.1,2022-03-16 11:26:47.998,22.087839538185577,-23.25144929471721
2816,24353,7400,Car,-0.6895243924154923,1.057973092230533,2.147730062729661,4.6,2.1,2022-03-16 11:26:48.098,22.0135530743393,-23.13730199896903
2816,24354,7500,Car,-0.5949083265086941,0.9106027352250832,2.149341755052099,4.6,2.1,2022-03-16 11:26:48.198,21.939266610493025,-23.02315470322085
2816,24356,7600,Car,-0.5064473361346341,0.7730909267426613,2.149341755052099,4.6,2.1,2022-03-16 11:26:48.298,21.93821536929434,-23.02274932103531
2816,24357,7700,Car,-0.4241840483479824,0.645400892042751,2.149341755052099,4.6,2.1,2022-03-16 11:26:48.398,21.93716412809566,-23.022343938849765
2816,24359,7800,Car,-0.3481164549864958,0.5274499389029684,2.149341755052099,4.6,2.1,2022-03-16 11:26:48.498,21.936112886896975,-23.021938556664225
2816,24360,7900,Car,-0.2781981534436538,0.4191088216240501,2.149341755052099,4.6,2.1,2022-03-16 11:26:48.598,21.93506164569829,-23.02153317447868
2816,24362,8000,Car,-0.2143365288655729,0.3201964712447846,2.149341755052099,4.6,2.1,2022-03-16 11:26:48.698,21.934010404499606,-23.02112779229314
2816,24363,8100,Car,-0.1563963325911997,0.2304791151923524,2.149341755052099,4.6,2.1,2022-03-16 11:26:48.798,21.932959163300925,-23.020722410107595
2816,24365,8200,Car,-0.1042012339111052,0.1496674366256912,2.149341755052099,4.6,2.1,2022-03-16 11:26:48.898,21.93190792210224,-23.020317027922054
2816,24366,8300,Car,-0.0575401365648176,0.0774215953634537,2.149341755052099,4.6,2.1,2022-03-16 11:26:48.998,21.930856680903556,-23.019911645736514
2816,24368,8400,Car,-0.0161695743276624,0.0133522068949431,2.149341755052099,4.6,2.1,2022-03-16 11:26:49.098,21.92980543970487,-23.01950626355097
2816,24369,8500,Car,0.020178359976164,-0.0429667214268647,2.149341755052099,4.6,2.1,2022-03-16 11:26:49.198,21.92875419850619,-23.01910088136543
2816,24371,8600,Car,0.0517920329681942,-0.0919901270088985,2.149341755052099,4.6,2.1,2022-03-16 11:26:49.298,21.927702957307506,-23.018695499179884
2816,24372,8700,Car,0.0789733788768032,-0.134189351304812,2.149341755052099,4.6,2.1,2022-03-16 11:26:49.398,21.92665171610882,-23.018290116994343
2816,24374,8800,Car,0.1020358250192288,-0.1700481000291986,-2.0000410673790316,4.6,2.1,2022-03-16 11:26:49.498,21.925600474910137,-23.0178847348088
2816,24375,8900,Car,0.1212990935020385,-0.2000543169404522,-2.0000410673790316,4.6,2.1,2022-03-16 11:26:49.598,21.924549233711456,-23.01747935262326
2816,24377,9000,Car,0.1370873251520165,-0.2246983097586863,-2.0000410673790316,4.6,2.1,2022-03-16 11:26:49.698,21.92349799251277,-23.017073970437714
2816,24378,9100,Car,0.149724935557991,-0.2444692790988867,-2.0000410673790316,4.6,2.1,2022-03-16 11:26:49.798,21.922446751314087,-23.016668588252173
2816,24380,9200,Car,0.159533965740799,-0.2598525812518915,-2.0000410673790316,4.6,2.1,2022-03-16 11:26:49.898,21.921395510115403,-23.016263206066633
2816,24381,9300,Car,0.166829735097238,-0.271323726681274,-2.0000410673790316,4.6,2.1,2022-03-16 11:26:49.998,21.920344268916722,-23.01585782388109
2816,24383,9400,Car,0.1719183928291556,-0.2793455119617149,-2.0000410673790316,4.6,2.1,2022-03-16 11:26:50.098,21.919293027718037,-23.015452441695547
2816,24384,9500,Car,0.1750945409537507,-0.2843671749704412,-2.0000410673790316,4.6,2.1,2022-03-16 11:26:50.198,21.918241786519353,-23.015047059510003
2816,24386,9600,Car,0.176639423503353,-0.2868233816164434,-2.0000410673790316,4.6,2.1,2022-03-16 11:26:50.298,21.91719054532067,-23.014641677324462
2816,24387,9700,Car,0.1768183353873453,-0.2871285328532735,-2.0000410673790316,4.6,2.1,2022-03-16 11:26:50.398,21.916139304121987,-23.014236295138918
2816,24389,9800,Car,0.1758789789118252,-0.2856723870560884,-2.0000410673790316,4.6,2.1,2022-03-16 11:26:50.498,21.915088062923303,-23.013830912953377
2816,24390,9900,Car,0.1740504214123816,-0.2828163585894572,-2.0000410673790316,4.6,2.1,2022-03-16 11:26:50.598,21.93066462272022,-23.03924621287799
2816,24392,10000,Car,0.171542685570145,-0.2788925739581317,-2.0000410673790316,4.6,2.1,2022-03-16 11:26:50.698,21.946241182517134,-23.064661512802605
2816,24393,10100,Car,0.1685468573375459,-0.274203157005104,-2.0000410673790316,4.6,2.1,2022-03-16 11:26:50.798,21.961817742314054,-23.09007681272722
2816,24395,10200,Car,0.1652343479506513,-0.2690181448484451,-2.0000410673790316,4.6,2.1,2022-03-16 11:26:50.898,21.97739430211097,-23.115492112651832
2816,24396,10300,Car,0.1617564355381162,-0.2635741320751349,-2.0000410673790316,4.6,2.1,2022-03-16 11:26:50.998,21.992970861907885,-23.140907412576446
2816,24398,10400,Car,0.1582440032776232,-0.2580736158055075,-2.0000410673790316,4.6,2.1,2022-03-16 11:26:51.098,22.0085474217048,-23.16632271250106
2816,24399,10500,Car,0.1548087441476653,-0.2526879949816418,-2.0000410673790316,4.6,2.1,2022-03-16 11:26:51.198,22.02412398150172,-23.191738012425674
2816,24401,10600,Car,0.1515449915366672,-0.2475632299051255,-1.0209591474401494,4.6,2.1,2022-03-16 11:26:51.298,22.039700541298636,-23.217153312350288
2816,24402,10700,Car,0.1485303568459528,-0.2428215746646244,-1.0209591474401494,4.6,2.1,2022-03-16 11:26:51.398,22.05527710109555,-23.2425686122749
2816,24404,10800,Car,0.1458252667411839,-0.2385599965743879,-1.0209591474401494,4.6,2.1,2022-03-16 11:26:51.498,22.070853660892467,-23.267983912199515
2816,24405,10900,Car,0.1434721164984863,-0.2348474812907497,-1.0209591474401494,4.6,2.1,2022-03-16 11:26:51.598,22.086430220689387,-23.29339921212413
2816,24407,11000,Car,0.1414951362052363,-0.231724690660684,-1.0209591474401494,4.6,2.1,2022-03-16 11:26:51.698,22.102006780486303,-23.318814512048743
2816,24408,11100,Car,0.1399014105374973,-0.2292060398407614,-1.0209591474401494,4.6,2.1,2022-03-16 11:26:51.798,22.11758334028322,-23.344229811973356
2816,24410,11200,Car,0.138681705824446,-0.2272794517847387,-1.0209591474401494,4.6,2.1,2022-03-16 11:26:51.898,22.11758334028322,-23.344229811973356
2816,24411,11300,Car,0.1378116235342829,-0.2259074607741951,-1.0209591474401494,4.6,2.1,2022-03-16 11:26:51.998,22.11758334028322,-23.344229811973356
2816,24413,11400,Car,0.1372520579158021,-0.2250272657578022,-1.0209591474401494,4.6,2.1,2022-03-16 11:26:52.098,22.11758334028322,-23.344229811973356
2816,24414,11500,Car,0.1369488238301741,-0.2245514942664073,-1.0209591474401494,4.6,2.1,2022-03-16 11:26:52.198,22.11758334028322,-23.344229811973356
2816,24416,11600,Car,0.1368317874593925,-0.224368053497237,-1.0209591474401494,4.6,2.1,2022-03-16 11:26:52.298,22.11758334028322,-23.344229811973356
2819,24350,7200,Car,0.1107105830822963,-0.0464985698563858,-0.41487131546490164,4.6,2.1,2022-03-16 11:26:47.898,-6.516427129799384,-14.396643277358846
2819,24351,7300,Car,0.1107105830822963,-0.0464985698563858,-0.41487131546490164,4.6,2.1,2022-03-16 11:26:47.998,-6.516427129799384,-14.396643277358846
2819,24353,7400,Car,0.3315682144163823,-0.1396951538368007,-0.41487131546490164,4.6,2.1,2022-03-16 11:26:48.098,-6.516427129799384,-14.396643277358846
2819,24354,7500,Car,0.5510598412995548,-0.2333647172076071,-0.41487131546490164,4.6,2.1,2022-03-16 11:26:48.198,-6.516427129799384,-14.396643277358846
2819,24356,7600,Car,0.7684785367183089,-0.3277334540105593,-0.41487131546490164,4.6,2.1,2022-03-16 11:26:48.298,-6.516427129799384,-14.396643277358846
2819,24357,7700,Car,0.983167225027337,-0.4230396191983664,-0.41487131546490164,4.6,2.1,2022-03-16 11:26:48.398,-6.516427129799384,-14.396643277358846
2819,24359,7800,Car,1.194546915126775,-0.519532397325797,-0.41487131546490164,4.6,2.1,2022-03-16 11:26:48.498,-6.516427129799384,-14.396643277358846
2819,24360,7900,Car,1.4020640247867888,-0.6175181618798226,-0.41487131546490164,4.6,2.1,2022-03-16 11:26:48.598,-6.376220727320705,-14.458395093546828
2819,24362,8000,Car,1.6051614552544975,-0.7173829904085416,-0.4202918435858102,4.6,2.1,2022-03-16 11:26:48.698,-6.215704581795255,-14.530133392587684
2819,24363,8100,Car,1.803244890718956,-0.8195935967926181,-0.4265984591711734,4.6,2.1,2022-03-16 11:26:48.798,-6.03538009272336,-14.612092752266944
2819,24365,8200,Car,1.9957068555901527,-0.9246430233006824,-0.4338722131161685,4.6,2.1,2022-03-16 11:26:48.898,-5.835809407164344,-14.704557054597013
2819,24366,8300,Car,2.181937809440884,-1.0329872787371206,-0.44216375579924583,4.6,2.1,2022-03-16 11:26:48.998,-5.617615626220256,-14.807855782470725
2819,24368,8400,Car,2.361341043631837,-1.1450097190736137,-0.4514932396642209,4.6,2.1,2022-03-16 11:26:49.098,-5.381481521857072,-14.922356754378086
2819,24369,8500,Car,2.5333187446013645,-1.2609948252473664,-0.4618571949188635,4.6,2.1,2022-03-16 11:26:49.198,-5.128149647396936,-15.048456236902824
2819,24371,8600,Car,2.697291706552151,-1.3811134055231735,-0.47323084720841446,4.6,2.1,2022-03-16 11:26:49.298,-4.8584204767417205,-15.18656757745514
2819,24372,8700,Car,2.8527021248400164,-1.5054141315159524,-0.48557310906077494,4.6,2.1,2022-03-16 11:26:49.398,-4.573150264257719,-15.337108990606737
2819,24374,8800,Car,2.999057508382012,-1.633822176953341,-0.49882557737747374,4.6,2.1,2022-03-16 11:26:49.498,-4.273244513419518,-15.50049120830207
2819,24375,8900,Car,3.135933608174506,-1.7661356670054396,-0.5129156917588401,4.6,2.1,2022-03-16 11:26:49.598,-3.959651152602067,-15.677104775002611
2819,24377,9000,Car,3.2630114244898363,-1.9020264095860469,-0.5277549715259083,4.6,2.1,2022-03-16 11:26:49.698,-3.6333500101530833,-15.867307415961218
2819,24378,9100,Car,3.380060654636749,-2.0410412673388474,-0.5432437626917889,4.6,2.1,2022-03-16 11:26:49.798,-3.2953439446894084,-16.071411542695103
2819,24380,9200,Car,3.486967779319814,-2.1826147255141137,-0.5592712993505228,4.6,2.1,2022-03-16 11:26:49.898,-2.946647166757427,-16.289673015246514
2819,24381,9300,Car,3.583712025629575,-2.326076202210281,-0.5757204255396062,4.6,2.1,2022-03-16 11:26:49.998,-2.588275964194469,-16.522280635467542
2819,24383,9400,Car,3.670390946203561,-2.47067140651886,-0.5924678462268387,4.6,2.1,2022-03-16 11:26:50.098,-2.2212368695741134,-16.769347776119428
2819,24384,9500,Car,3.7471939625034336,-2.6155689454152062,-0.6093873662489917,4.6,2.1,2022-03-16 11:26:50.198,-1.84651747332377,-17.03090467066095
2819,24386,9600,Car,3.814423620130898,-2.7598831670947988,-0.6263497002818462,4.6,2.1,2022-03-16 11:26:50.298,-1.46507511131068,-17.30689298737043
2819,24387,9700,Car,3.872463346346628,-2.90266988048746,-0.643223790217236,4.6,2.1,2022-03-16 11:26:50.398,-1.0778287766760173,-17.597159975419174
2819,24389,9800,Car,3.921796642266997,-3.0429526488162035,-0.6598769795624029,4.6,2.1,2022-03-16 11:26:50.498,-0.6856491124493176,-17.901455240300795
2819,24390,9900,Car,3.9629761367803615,-3.1797243889089097,-0.6761769071757001,4.6,2.1,2022-03-16 11:26:50.598,-0.2893514987712813,-18.21942767919169
2819,24392,10000,Car,3.996640220391424,-3.311990095898453,-0.6919938060778648,4.6,2.1,2022-03-16 11:26:50.698,0.1103125232678612,-18.55062668878153
2819,24393,10100,Car,4.023474243640448,-3.4387713592331104,-0.7072031113897495,4.6,2.1,2022-03-16 11:26:50.798,0.5126599476319063,-18.89450382470484
2819,24395,10200,Car,4.044218380501174,-3.5591532086798225,-0.7216884384710082,4.6,2.1,2022-03-16 11:26:50.898,0.9170817856820236,-19.250419145572824
2819,24396,10300,Car,4.059628993486038,-3.67228155606572,-0.7353427630334375,4.6,2.1,2022-03-16 11:26:50.998,1.3230446850306277,-19.6176473011794
2819,24398,10400,Car,4.070485075044029,-3.777403279839824,-0.7480702039672715,4.6,2.1,2022-03-16 11:26:51.098,1.730093192535031,-19.99538762916338
2819,24399,10500,Car,4.077552876214981,-3.873854178833263,-0.7597858217767958,4.6,2.1,2022-03-16 11:26:51.198,2.1378484801565287,-20.382773047046705
2819,24401,10600,Car,4.081588993307156,-3.96110024430552,-0.7704181321298905,4.6,2.1,2022-03-16 11:26:51.298,2.546007379487244,-20.778883071477257
2819,24402,10700,Car,4.083306064500922,-4.038724683129046,-0.7799092733597798,4.6,2.1,2022-03-16 11:26:51.398,2.9543379859373364,-21.18275553979016
2819,24404,10800,Car,4.083372380786899,-4.106469343166985,-0.7882183523491914,4.6,2.1,2022-03-16 11:26:51.498,3.3626752240160265,-21.59340247410686
2819,24405,10900,Car,4.082373948545222,-4.164218056510943,-0.7953224352571318,4.6,2.1,2022-03-16 11:26:51.598,3.770912618870549,-22.009824279757957
2819,24407,11000,Car,4.08081406453499,-4.212042424509868,-0.8012211079133136,4.6,2.1,2022-03-16 11:26:51.698,4.178994025324048,-22.43102852220894
2819,24408,11100,Car,4.07907748010346,-4.2501883472658255,-0.8059386054463765,4.6,2.1,2022-03-16 11:26:51.798,4.586901773334394,-22.856047356935523
2819,24410,11200,Car,4.077449308122193,-4.279147664582796,-0.809529900659508,4.6,2.1,2022-03-16 11:26:51.898,4.994646704146613,-23.283962123393803
2819,24411,11300,Car,4.076106949364754,-4.299658920027377,-0.8120821601370459,4.6,2.1,2022-03-16 11:26:51.998,5.402257399083089,-23.71392801539654
2819,24413,11400,Car,4.075152679573923,-4.312780355044161,-0.8137202940057667,4.6,2.1,2022-03-16 11:26:52.098,5.809772667040481,-24.14520605090096
2819,24414,11500,Car,4.074598359126077,-4.319861098046332,-0.8146070703831431,4.6,2.1,2022-03-16 11:26:52.198,6.217232502953089,-24.57719216070559
2819,24416,11600,Car,4.074379470693407,-4.322597092914082,-0.814949914493591,4.6,2.1,2022-03-16 11:26:52.298,6.62467045002243,-25.009451869997
2820,24389,9800,Car,0.0608803325332907,-0.0110482765856723,-0.1791189168233794,4.6,2.1,2022-03-16 11:26:50.498,-5.893835768772934,-14.950774507035408
2820,24390,9900,Car,0.0608803325332907,-0.0110482765856723,-0.1791189168233794,4.6,2.1,2022-03-16 11:26:50.598,-5.893835768772934,-14.950774507035408
2820,24392,10000,Car,0.1815166131703804,-0.0328870795899227,-0.1791189168233794,4.6,2.1,2022-03-16 11:26:50.698,-5.893835768772934,-14.950774507035408
2820,24393,10100,Car,0.2994469510690756,-0.0541059366213581,-0.1791189168233794,4.6,2.1,2022-03-16 11:26:50.798,-5.893835768772934,-14.950774507035408
2820,24395,10200,Car,0.4133150689458542,-0.0744144852622775,-0.1791189168233794,4.6,2.1,2022-03-16 11:26:50.898,-5.893835768772934,-14.950774507035408
2820,24396,10300,Car,0.5218448935390273,-0.0936348517620011,-0.1791189168233794,4.6,2.1,2022-03-16 11:26:50.998,-5.893835768772934,-14.950774507035408
2820,24398,10400,Car,0.6238932701278976,-0.1116996319613328,-0.1791189168233794,4.6,2.1,2022-03-16 11:26:51.098,-5.893835768772934,-14.950774507035408
2820,24399,10500,Car,0.7184810631044947,-0.128568910154332,-0.1791189168233794,4.6,2.1,2022-03-16 11:26:51.198,-5.893835768772934,-14.950774507035408
2820,24401,10600,Car,0.8048216810761754,-0.1441837490493827,-0.1791189168233794,4.6,2.1,2022-03-16 11:26:51.298,-5.893835768772934,-14.950774507035408
2820,24402,10700,Car,0.8823044452576667,-0.1584564447063919,-0.1791189168233794,4.6,2.1,2022-03-16 11:26:51.398,-5.793894344200406,-14.968869843034621
2820,24404,10800,Car,0.9504873963285208,-0.171286216326845,-0.1791189168233794,4.6,2.1,2022-03-16 11:26:51.498,-5.693952919627877,-14.986965179033835
2820,24405,10900,Car,1.0090785684215218,-0.1825740581294078,-0.1791189168233794,4.6,2.1,2022-03-16 11:26:51.598,-5.594011495055349,-15.005060515033046
2820,24407,11000,Car,1.0579651502509524,-0.1922359563937095,-0.17975008692279104,4.6,2.1,2022-03-16 11:26:51.698,-5.49407007048282,-15.023155851032259
2820,24408,11100,Car,1.0972356683677642,-0.200214124404301,-0.17975008692279104,4.6,2.1,2022-03-16 11:26:51.798,-5.394128645910292,-15.041251187031472
2820,24410,11200,Car,1.1272439944185029,-0.2064955105319833,-0.17975008692279104,4.6,2.1,2022-03-16 11:26:51.898,-5.2789261086221,-15.062445417538589
2820,24411,11300,Car,1.1486313620530808,-0.2111217728766236,-0.17975008692279104,4.6,2.1,2022-03-16 11:26:51.998,-5.163723571333908,-15.083639648045706
2820,24413,11400,Car,1.162385271532349,-0.2142067164280447,-0.17975008692279104,4.6,2.1,2022-03-16 11:26:52.098,-5.0485210340457165,-15.104833878552823
2820,24414,11500,Car,1.1698408635237365,-0.2159452204480417,-0.1821260641111413,4.6,2.1,2022-03-16 11:26:52.198,-4.933318496757525,-15.12602810905994
2820,24416,11600,Car,1.172726476040724,-0.2166450627688125,-0.1821260641111413,4.6,2.1,2022-03-16 11:26:52.298,-4.816045849153452,-15.147692615336824
7430,24242,0,Pedestrian,-0.0404976297970449,0.0023965796324177,3.0930364206997516,1.0,1.0,2022-03-16 11:26:40.698,28.62068331514601,-12.38839237775644
7430,24243,100,Pedestrian,-0.0404976297970449,0.0023965796324177,3.0930364206997516,1.0,1.0,2022-03-16 11:26:40.798,28.62068331514601,-12.38839237775644
7430,24245,200,Pedestrian,-0.1210336592297522,0.0071396774514553,3.0930364206997516,1.0,1.0,2022-03-16 11:26:40.898,28.62068331514601,-12.38839237775644
7430,24246,300,Pedestrian,-0.2004625950691618,0.0117623358123175,3.0930364206997516,1.0,1.0,2022-03-16 11:26:40.998,28.62068331514601,-12.38839237775644
7430,24248,400,Pedestrian,-0.2782309860688769,0.0162049778756134,3.0930364206997516,1.0,1.0,2022-03-16 11:26:41.098,28.62068331514601,-12.38839237775644
7430,24249,500,Pedestrian,-0.353846867309322,0.0204142306785469,3.0930364206997516,1.0,1.0,2022-03-16 11:26:41.198,28.62068331514601,-12.38839237775644
7430,24251,600,Pedestrian,-0.42689836164719,0.0243421917555859,3.0930364206997516,1.0,1.0,2022-03-16 11:26:41.298,28.62068331514601,-12.38839237775644
7430,24252,700,Pedestrian,-0.4970473857018475,0.0279459545530793,3.0930364206997516,1.0,1.0,2022-03-16 11:26:41.398,28.62068331514601,-12.38839237775644
7430,24254,800,Pedestrian,-0.5640290464440055,0.0311916167961178,3.0930364206997516,1.0,1.0,2022-03-16 11:26:41.498,28.62068331514601,-12.38839237775644
7430,24255,900,Pedestrian,-0.6276384481229158,0.0340606710067171,3.0930364206997516,1.0,1.0,2022-03-16 11:26:41.598,28.62068331514601,-12.38839237775644
7430,24257,1000,Pedestrian,-0.6877323191480399,0.0365503547114444,3.0930364206997516,1.0,1.0,2022-03-16 11:26:41.698,28.62068331514601,-12.38839237775644
7430,24258,1100,Pedestrian,-0.7442112638210218,0.0386679366468456,3.0930364206997516,1.0,1.0,2022-03-16 11:26:41.798,28.534269270766906,-12.384193136579263
7430,24260,1200,Pedestrian,-0.797020280721483,0.0404252283885854,3.0930364206997516,1.0,1.0,2022-03-16 11:26:41.898,28.4478552263878,-12.379993895402086
7430,24261,1300,Pedestrian,-0.8461464861883172,0.0418379642160365,3.0930364206997516,1.0,1.0,2022-03-16 11:26:41.998,28.361441182008697,-12.375794654224908
7430,24263,1400,Pedestrian,-0.8916344093594119,0.0429326132206683,3.0930364206997516,1.0,1.0,2022-03-16 11:26:42.098,28.275027137629593,-12.371595413047732
7430,24264,1500,Pedestrian,-0.933608418434666,0.0437500835118955,3.0943545419078653,1.0,1.0,2022-03-16 11:26:42.198,28.18861309325049,-12.367396171870555
7430,24266,1600,Pedestrian,-0.972221804221398,0.0443406446466099,3.0943545419078653,1.0,1.0,2022-03-16 11:26:42.298,28.102199048871384,-12.363196930693377
7430,24267,1700,Pedestrian,-1.0076198737018058,0.0447341996337517,3.0943545419078653,1.0,1.0,2022-03-16 11:26:42.398,27.99556104737479,-12.358726632221522
7430,24269,1800,Pedestrian,-1.0399130805461354,0.0449334970959107,3.0943545419078653,1.0,1.0,2022-03-16 11:26:42.498,27.888923045878194,-12.354256333749666
7430,24270,1900,Pedestrian,-1.0692168028498017,0.0449198358851882,3.0943545419078653,1.0,1.0,2022-03-16 11:26:42.598,27.782285044381595,-12.34978603527781
7430,24272,2000,Pedestrian,-1.0956797866896648,0.044687077667991,3.101027611010333,1.0,1.0,2022-03-16 11:26:42.698,27.675647042885,-12.345315736805954
7430,24273,2100,Pedestrian,-1.1194705310423811,0.0442403133099134,3.101027611010333,1.0,1.0,2022-03-16 11:26:42.798,27.569009041388405,-12.3408454383341
7430,24275,2200,Pedestrian,-1.1407556558140184,0.0435505588284006,3.101027611010333,1.0,1.0,2022-03-16 11:26:42.898,27.452306508530548,-12.336677393220583
7430,24276,2300,Pedestrian,-1.1596948676839958,0.0425588921133276,3.101027611010333,1.0,1.0,2022-03-16 11:26:42.998,27.33560397567269,-12.332509348107067
7430,24278,2400,Pedestrian,-1.1764501879980216,0.0411938908427876,3.101027611010333,1.0,1.0,2022-03-16 11:26:43.098,27.21890144281483,-12.328341302993552
7430,24279,2500,Pedestrian,-1.1912006028182986,0.0394184627561427,3.1081174266036107,1.0,1.0,2022-03-16 11:26:43.198,27.10219890995697,-12.324173257880036
7430,24281,2600,Pedestrian,-1.204163746054654,0.0372318389956129,3.1081174266036107,1.0,1.0,2022-03-16 11:26:43.298,26.980203387292512,-12.32086772824655
7430,24282,2700,Pedestrian,-1.215560810388396,0.0346611581802139,3.1081174266036107,1.0,1.0,2022-03-16 11:26:43.398,26.85820786462805,-12.317562198613066
7430,24284,2800,Pedestrian,-1.2256086912834618,0.0317558258986679,3.1081174266036107,1.0,1.0,2022-03-16 11:26:43.498,26.73621234196359,-12.314256668979581
7430,24285,2900,Pedestrian,-1.2344876588518616,0.0285723622648963,3.1173736087590487,1.0,1.0,2022-03-16 11:26:43.598,26.61421681929913,-12.310951139346097
7430,24287,3000,Pedestrian,-1.2423829075899917,0.0251777399208569,3.1173736087590487,1.0,1.0,2022-03-16 11:26:43.698,26.488964549605814,-12.308968066092625
7430,24288,3100,Pedestrian,-1.2494919832493778,0.0216506128723988,3.1173736087590487,1.0,1.0,2022-03-16 11:26:43.798,26.363712279912498,-12.306984992839155
7430,24290,3200,Pedestrian,-1.2560328237799463,0.0180639406698366,3.1173736087590487,1.0,1.0,2022-03-16 11:26:43.898,26.238460010219182,-12.305001919585683
7430,24291,3300,Pedestrian,-1.2621830731134052,0.0144306366757618,3.1288540741303477,1.0,1.0,2022-03-16 11:26:43.998,26.113207740525866,-12.303018846332211
7430,24293,3400,Pedestrian,-1.26807756969324,0.0107068469625203,3.1288540741303477,1.0,1.0,2022-03-16 11:26:44.098,25.985553561021103,-12.302554978323103
7430,24294,3500,Pedestrian,-1.2737956227776337,0.0068181742690146,3.1288540741303477,1.0,1.0,2022-03-16 11:26:44.198,25.85789938151634,-12.302091110313995
7430,24296,3600,Pedestrian,-1.279395830470662,0.0027067821453554,3.1288540741303477,1.0,1.0,2022-03-16 11:26:44.298,25.730245202011574,-12.301627242304889
7430,24297,3700,Pedestrian,-1.2848981572489744,-0.0016770830125879,-3.1415316931926203,1.0,1.0,2022-03-16 11:26:44.398,25.60259102250681,-12.30116337429578
7430,24299,3800,Pedestrian,-1.2902865657909854,-0.0063716372450881,-3.1415316931926203,1.0,1.0,2022-03-16 11:26:44.498,25.472803910895074,-12.302586235745464
7430,24300,3900,Pedestrian,-1.2955113777561065,-0.0113970610395956,-3.1415316931926203,1.0,1.0,2022-03-16 11:26:44.598,25.343016799283333,-12.304009097195149
7430,24302,4000,Pedestrian,-1.300505891486452,-0.0167466906114018,-3.1415316931926203,1.0,1.0,2022-03-16 11:26:44.698,25.213229687671596,-12.305431958644832
7430,24303,4100,Pedestrian,-1.3051806294359731,-0.0223990690912505,-3.1261616870797044,1.0,1.0,2022-03-16 11:26:44.798,25.08344257605986,-12.306854820094514
7430,24305,4200,Pedestrian,-1.3094284187083716,-0.0283207630129923,-3.1261616870797044,1.0,1.0,2022-03-16 11:26:44.898,24.95202314817373,-12.310623024156802
7430,24307,4300,Pedestrian,-1.3131140626389737,-0.0344668983476024,-3.1261616870797044,1.0,1.0,2022-03-16 11:26:44.998,24.8206037202876,-12.31439122821909
7430,24308,4400,Pedestrian,-1.3160806890377683,-0.0407752500349006,-3.1261616870797044,1.0,1.0,2022-03-16 11:26:45.098,24.689184292401475,-12.318159432281377
7430,24309,4500,Pedestrian,-1.3181539450600257,-0.0471652510959863,-3.108220339299381,1.0,1.0,2022-03-16 11:26:45.198,24.557764864515345,-12.321927636343665
7430,24311,4600,Pedestrian,-1.3191431578468025,-0.0535352667776401,-3.108220339299381,1.0,1.0,2022-03-16 11:26:45.298,24.426058606193997,-12.328182197258263
7430,24312,4700,Pedestrian,-1.3188326637436276,-0.0597619253231231,-3.108220339299381,1.0,1.0,2022-03-16 11:26:45.398,24.294352347872653,-12.33443675817286
7430,24313,4800,Pedestrian,-1.3169764249743208,-0.0657005938971279,-3.108220339299381,1.0,1.0,2022-03-16 11:26:45.498,24.16264608955131,-12.340691319087458
7430,24315,4900,Pedestrian,-1.3132980862890875,-0.0711846505860512,-3.090411668490258,1.0,1.0,2022-03-16 11:26:45.598,24.03093983122996,-12.346945880002057
7430,24317,5000,Pedestrian,-1.307495119602749,-0.0760298746685343,-3.090411668490258,1.0,1.0,2022-03-16 11:26:45.698,23.901716545859422,-12.355041997553727
7430,24319,5100,Pedestrian,-1.299239981572775,-0.0800377219836083,-3.090411668490258,1.0,1.0,2022-03-16 11:26:45.798,23.77249326048888,-12.363138115105398
7430,24320,5200,Pedestrian,-1.2881916533898163,-0.0830082219159859,-3.090411668490258,1.0,1.0,2022-03-16 11:26:45.898,23.64326997511834,-12.37123423265707
7430,24321,5300,Pedestrian,-1.2740046602562671,-0.0847688834986994,-3.0778840253138795,1.0,1.0,2022-03-16 11:26:45.998,23.5140466897478,-12.37933035020874
7430,24323,5400,Pedestrian,-1.2563564711783926,-0.0851932125643627,-3.0778840253138795,1.0,1.0,2022-03-16 11:26:46.098,23.39201291274516,-12.387558521328167
7430,24324,5500,Pedestrian,-1.2349761745433696,-0.0842093754955541,-3.0778840253138795,1.0,1.0,2022-03-16 11:26:46.198,23.26997913574252,-12.395786692447595
7430,24326,5600,Pedestrian,-1.2096731737991104,-0.0817876227283251,-3.0778840253138795,1.0,1.0,2022-03-16 11:26:46.298,23.147945358739882,-12.404014863567024
7430,24327,5700,Pedestrian,-1.1803452605847653,-0.0779366339888732,-3.077288496707727,1.0,1.0,2022-03-16 11:26:46.398,23.02591158173724,-12.412243034686451
7430,24329,5800,Pedestrian,-1.1469814280678747,-0.0727037872162842,-3.077288496707727,1.0,1.0,2022-03-16 11:26:46.498,22.9194003380955,-12.417991432986916
7430,24330,5900,Pedestrian,-1.109665129496591,-0.0661755855728615,-3.077288496707727,1.0,1.0,2022-03-16 11:26:46.598,22.812889094453762,-12.423739831287381
7430,24332,6000,Pedestrian,-1.06857798343821,-0.0584782372697035,-3.077288496707727,1.0,1.0,2022-03-16 11:26:46.698,22.70637785081202,-12.429488229587847
7430,24333,6100,Pedestrian,-1.0240039166713186,-0.0497783786159552,-3.09498111518754,1.0,1.0,2022-03-16 11:26:46.798,22.599866607170284,-12.435236627888312
7430,24335,6200,Pedestrian,-0.9763337244129388,-0.040283926348437,-3.09498111518754,1.0,1.0,2022-03-16 11:26:46.898,22.493355363528543,-12.440985026188777
7430,24336,6300,Pedestrian,-0.9260700158177926,-0.0302450405863111,-3.09498111518754,1.0,1.0,2022-03-16 11:26:46.998,22.413986982072082,-12.441566602930822
7430,24338,6400,Pedestrian,-0.8738325014201465,-0.0199551751379097,-3.09498111518754,1.0,1.0,2022-03-16 11:26:47.098,22.334618600615624,-12.442148179672866
7430,24339,6500,Pedestrian,-0.8203635666995978,-0.0097521873436608,-3.09498111518754,1.0,1.0,2022-03-16 11:26:47.198,22.255250219159166,-12.44272975641491
7430,24341,6600,Pedestrian,-0.7665340623162464,-1.947498359950417e-05,-3.09498111518754,1.0,1.0,2022-03-16 11:26:47.298,22.175881837702704,-12.443311333156954
7430,24342,6700,Pedestrian,-0.7133492288529552,0.0088128971881214,-3.13798462193154,1.0,1.0,2022-03-16 11:26:47.398,22.096513456246242,-12.443892909898999
7430,24344,6800,Pedestrian,-0.6619535122808529,0.0162643763406756,-3.13798462193154,1.0,1.0,2022-03-16 11:26:47.498,22.017145074789784,-12.444474486641043
7430,24345,6900,Pedestrian,-0.6135914486728922,0.0218164135971042,-3.13798462193154,1.0,1.0,2022-03-16 11:26:47.598,21.9691181239342,-12.4431717108198
7430,24347,7000,Pedestrian,-0.569396432779996,0.025024592793717,-3.13798462193154,1.0,1.0,2022-03-16 11:26:47.698,21.921091173078615,-12.441868934998556
7430,24348,7100,Pedestrian,-0.5301040102345667,0.0256331647182328,-3.13798462193154,1.0,1.0,2022-03-16 11:26:47.798,21.873064222223032,-12.440566159177314
7430,24350,7200,Pedestrian,-0.4958851108443695,0.0236537228507136,-3.13798462193154,1.0,1.0,2022-03-16 11:26:47.898,21.825037271367446,-12.439263383356069
7430,24351,7300,Pedestrian,-0.4664536071779324,0.0193121282457117,-3.13798462193154,1.0,1.0,2022-03-16 11:26:47.998,21.777010320511863,-12.437960607534826
7430,24353,7400,Pedestrian,-0.4412895740002298,0.012986508250705,3.1298607583302407,1.0,1.0,2022-03-16 11:26:48.098,21.728983369656277,-12.436657831713582
7430,24354,7500,Pedestrian,-0.4197560502285923,0.0051631000511601,3.1298607583302407,1.0,1.0,2022-03-16 11:26:48.198,21.680956418800694,-12.43535505589234
7430,24356,7600,Pedestrian,-0.4011540130278491,-0.00360060067214,3.1298607583302407,1.0,1.0,2022-03-16 11:26:48.298,21.632929467945107,-12.434052280071095
7430,24358,7700,Pedestrian,-0.3847953300361694,-0.0127392059232889,3.1298607583302407,1.0,1.0,2022-03-16 11:26:48.398,21.584902517089525,-12.432749504249852
7430,24359,7800,Pedestrian,-0.3700900824575726,-0.0217587360672057,3.1298607583302407,1.0,1.0,2022-03-16 11:26:48.498,21.554867006898622,-12.438311537121038
7430,24360,7900,Pedestrian,-0.3566120510255643,-0.0303079957375554,3.1298607583302407,1.0,1.0,2022-03-16 11:26:48.598,21.52483149670772,-12.443873569992222
7430,24362,8000,Pedestrian,-0.3440431687381462,-0.0381675060096674,3.1298607583302407,1.0,1.0,2022-03-16 11:26:48.698,21.49479598651682,-12.449435602863408
7430,24363,8100,Pedestrian,-0.3321253914059951,-0.045211749720142,3.1298607583302407,1.0,1.0,2022-03-16 11:26:48.798,21.464760476325917,-12.454997635734593
7430,24365,8200,Pedestrian,-0.3206483188498765,-0.0513842603271543,3.1298607583302407,1.0,1.0,2022-03-16 11:26:48.898,21.434724966135015,-12.460559668605779
7430,24366,8300,Pedestrian,-0.3095008198463844,-0.0567141402623683,3.1298607583302407,1.0,1.0,2022-03-16 11:26:48.998,21.404689455944112,-12.466121701476963
7430,24368,8400,Pedestrian,-0.2986368729964539,-0.0612599888784613,3.1298607583302407,1.0,1.0,2022-03-16 11:26:49.098,21.374653945753213,-12.471683734348149
7430,24369,8500,Pedestrian,-0.2880097575465967,-0.0650493901427218,-2.9599470451747183,1.0,1.0,2022-03-16 11:26:49.198,21.34461843556231,-12.477245767219333
7430,24371,8600,Pedestrian,-0.2775388585197901,-0.0680497144393755,-2.9599470451747183,1.0,1.0,2022-03-16 11:26:49.298,21.314582925371408,-12.48280780009052
7430,24372,8700,Pedestrian,-0.2671667239989971,-0.0702165872650795,-2.9599470451747183,1.0,1.0,2022-03-16 11:26:49.398,21.284547415180505,-12.488369832961704
7430,24374,8800,Pedestrian,-0.2568783556737485,-0.0715194310021873,-2.9599470451747183,1.0,1.0,2022-03-16 11:26:49.498,21.254511904989606,-12.49393186583289
7430,24375,8900,Pedestrian,-0.246694824478375,-0.0719415945362911,-2.9599470451747183,1.0,1.0,2022-03-16 11:26:49.598,21.224476394798703,-12.499493898704074
7430,24377,9000,Pedestrian,-0.2366710992797749,-0.0714831788658719,-2.9599470451747183,1.0,1.0,2022-03-16 11:26:49.698,21.1944408846078,-12.50505593157526
7430,24378,9100,Pedestrian,-0.2268914126718612,-0.0701636860574517,-2.9599470451747183,1.0,1.0,2022-03-16 11:26:49.798,21.17723687034188,-12.507670916838917
7430,24380,9200,Pedestrian,-0.2174579172365653,-0.0680234490171649,-2.9599470451747183,1.0,1.0,2022-03-16 11:26:49.898,21.160032856075954,-12.510285902102574
7430,24381,9300,Pedestrian,-0.2084721608398609,-0.0651229232183681,-2.9599470451747183,1.0,1.0,2022-03-16 11:26:49.998,21.142828841810033,-12.512900887366229
7430,24383,9400,Pedestrian,-0.2000302152630695,-0.0615403932626712,-2.9599470451747183,1.0,1.0,2022-03-16 11:26:50.098,21.125624827544108,-12.515515872629885
7430,24384,9500,Pedestrian,-0.1922156375939465,-0.0573667408714052,-2.9599470451747183,1.0,1.0,2022-03-16 11:26:50.198,21.108420813278187,-12.518130857893542
7430,24386,9600,Pedestrian,-0.1850966466119175,-0.0527041692861907,-2.9599470451747183,1.0,1.0,2022-03-16 11:26:50.298,21.091216799012265,-12.520745843157199
7430,24387,9700,Pedestrian,-0.1787241534528049,-0.0476637470291052,-2.9599470451747183,1.0,1.0,2022-03-16 11:26:50.398,21.07401278474634,-12.523360828420856
7430,24389,9800,Pedestrian,-0.1731296344431498,-0.042364940205477,-2.9599470451747183,1.0,1.0,2022-03-16 11:26:50.498,21.05680877048042,-12.525975813684513
7430,24390,9900,Pedestrian,-0.1683247905470963,-0.0369310532399146,-2.9599470451747183,1.0,1.0,2022-03-16 11:26:50.598,21.039604756214494,-12.528590798948168
7430,24392,10000,Pedestrian,-0.1643026541335501,-0.0314815395465473,-2.9599470451747183,1.0,1.0,2022-03-16 11:26:50.698,21.022400741948573,-12.531205784211824
7430,24393,10100,Pedestrian,-0.1610407411247294,-0.026121464563804,-2.9599470451747183,1.0,1.0,2022-03-16 11:26:50.798,21.00519672768265,-12.533820769475481
7430,24395,10200,Pedestrian,-0.1585041693660116,-0.0209318492483846,-2.9599470451747183,1.0,1.0,2022-03-16 11:26:50.898,20.987992713416727,-12.536435754739138
7430,24396,10300,Pedestrian,-0.1566461104722094,-0.0159714887067785,-2.990748706892304,1.0,1.0,2022-03-16 11:26:50.998,20.970788699150805,-12.539050740002795
7430,24398,10400,Pedestrian,-0.1554051164866265,-0.0112846753846619,-2.990748706892304,1.0,1.0,2022-03-16 11:26:51.098,20.95358468488488,-12.54166572526645
7430,24399,10500,Pedestrian,-0.1547012462969732,-0.006911832113854,-2.990748706892304,1.0,1.0,2022-03-16 11:26:51.198,20.93638067061896,-12.544280710530106
7430,24401,10600,Pedestrian,-0.1544332419178218,-0.0028939372443482,-2.990748706892304,1.0,1.0,2022-03-16 11:26:51.298,20.919176656353034,-12.546895695793763
7430,24402,10700,Pedestrian,-0.1544804340672811,0.0007271719098865,-2.990748706892304,1.0,1.0,2022-03-16 11:26:51.398,20.901972642087113,-12.54951068105742
7430,24404,10800,Pedestrian,-0.1547135828216639,0.003910906190523,-2.990748706892304,1.0,1.0,2022-03-16 11:26:51.498,20.88476862782119,-12.552125666321077
7430,24405,10900,Pedestrian,-0.154999038098964,0.0066192065197334,-2.990748706892304,1.0,1.0,2022-03-16 11:26:51.598,20.867564613555267,-12.554740651584734
7430,24407,11000,Pedestrian,-0.1551991780182149,0.0088167864122112,-2.990748706892304,1.0,1.0,2022-03-16 11:26:51.698,20.850360599289345,-12.557355636848389
7430,24408,11100,Pedestrian,-0.1551872828173372,0.0104796431878284,-2.990748706892304,1.0,1.0,2022-03-16 11:26:51.798,20.83315658502342,-12.559970622112045
7430,24410,11200,Pedestrian,-0.1549277742213206,0.0116274167715246,-2.990748706892304,1.0,1.0,2022-03-16 11:26:51.898,20.8159525707575,-12.562585607375702
7430,24411,11300,Pedestrian,-0.1545062335338798,0.0123356624071391,-2.990748706892304,1.0,1.0,2022-03-16 11:26:51.998,20.8159525707575,-12.562585607375702
7430,24413,11400,Pedestrian,-0.1540928955535037,0.0127225443205956,-2.990748706892304,1.0,1.0,2022-03-16 11:26:52.098,20.8159525707575,-12.562585607375702
7430,24414,11500,Pedestrian,-0.1537898519502789,0.0128943198375353,-2.990748706892304,1.0,1.0,2022-03-16 11:26:52.198,20.8159525707575,-12.562585607375702
7430,24416,11600,Pedestrian,-0.1536587970916514,0.0129517057251149,-2.990748706892304,1.0,1.0,2022-03-16 11:26:52.298,20.8159525707575,-12.562585607375702
7471,24242,0,Pedestrian,-0.0431080746289502,0.0028984356184836,3.1107491830330214,1.0,1.0,2022-03-16 11:26:40.698,3.6552827374244,-19.68757857161613
7471,24243,100,Pedestrian,-0.0431080746289502,0.0028984356184836,3.1107491830330214,1.0,1.0,2022-03-16 11:26:40.798,3.6552827374244,-19.68757857161613
7471,24244,200,Pedestrian,-0.1288345050916906,0.0084566997714928,3.1107491830330214,1.0,1.0,2022-03-16 11:26:40.898,3.6552827374244,-19.68757857161613
7471,24246,300,Pedestrian,-0.2133803507502563,0.0134419570885313,3.1107491830330214,1.0,1.0,2022-03-16 11:26:40.998,3.6552827374244,-19.68757857161613
7471,24247,400,Pedestrian,-0.2961459834646262,0.0176014035513814,3.1107491830330214,1.0,1.0,2022-03-16 11:26:41.098,3.6552827374244,-19.68757857161613
7471,24249,500,Pedestrian,-0.3765503430042204,0.0208676648466976,3.1107491830330214,1.0,1.0,2022-03-16 11:26:41.198,3.6552827374244,-19.68757857161613
7471,24251,600,Pedestrian,-0.4540441699045905,0.0234420213174145,3.1107491830330214,1.0,1.0,2022-03-16 11:26:41.298,3.6552827374244,-19.68757857161613
7471,24252,700,Pedestrian,-0.5281262809508247,0.0257298907615677,3.1107491830330214,1.0,1.0,2022-03-16 11:26:41.398,3.6552827374244,-19.68757857161613
7471,24254,800,Pedestrian,-0.5984177167742643,0.0280411995148094,3.1107491830330214,1.0,1.0,2022-03-16 11:26:41.498,3.6552827374244,-19.68757857161613
7471,24255,900,Pedestrian,-0.6647036617158973,0.0303786134290715,3.1107491830330214,1.0,1.0,2022-03-16 11:26:41.598,3.6552827374244,-19.68757857161613
7471,24257,1000,Pedestrian,-0.7269501667251975,0.0323395787889424,3.1107491830330214,1.0,1.0,2022-03-16 11:26:41.698,3.6552827374244,-19.68757857161613
7471,24258,1100,Pedestrian,-0.7852351491245191,0.0333109475229775,3.1107491830330214,1.0,1.0,2022-03-16 11:26:41.798,3.566587508282027,-19.684842035098832
7471,24260,1200,Pedestrian,-0.8397056210607178,0.0326217454877662,3.1107491830330214,1.0,1.0,2022-03-16 11:26:41.898,3.477892279139654,-19.682105498581535
7471,24261,1300,Pedestrian,-0.8905189874636443,0.029715537704647,3.1107491830330214,1.0,1.0,2022-03-16 11:26:41.998,3.3891970499972803,-19.679368962064242
7471,24263,1400,Pedestrian,-0.9377831782640024,0.024372774562664,3.1205196796747416,1.0,1.0,2022-03-16 11:26:42.098,3.3005018208549073,-19.676632425546945
7471,24264,1500,Pedestrian,-0.9815185212057776,0.0168058205867547,3.1205196796747416,1.0,1.0,2022-03-16 11:26:42.198,3.2118065917125342,-19.673895889029648
7471,24266,1600,Pedestrian,-1.021660564893052,0.0076437662439232,3.1205196796747416,1.0,1.0,2022-03-16 11:26:42.298,3.103096220716694,-19.67507344926392
7471,24267,1700,Pedestrian,-1.0581055805627224,-0.0022746514522964,3.1205196796747416,1.0,1.0,2022-03-16 11:26:42.398,2.994385849720854,-19.67625100949819
7471,24269,1800,Pedestrian,-1.0907883843956157,-0.0121636159125408,3.1205196796747416,1.0,1.0,2022-03-16 11:26:42.498,2.885675478725014,-19.677428569732466
7471,24270,1900,Pedestrian,-1.1197587957588735,-0.0215829316870849,-3.1234953641349614,1.0,1.0,2022-03-16 11:26:42.598,2.7769651077291737,-19.678606129966738
7471,24272,2000,Pedestrian,-1.1452052241817423,-0.0305005789056158,-3.1234953641349614,1.0,1.0,2022-03-16 11:26:42.698,2.6682547367333336,-19.67978369020101
7471,24273,2100,Pedestrian,-1.1674143301417628,-0.0391826858597003,-3.1234953641349614,1.0,1.0,2022-03-16 11:26:42.798,2.5488618293766043,-19.685104684610003
7471,24275,2200,Pedestrian,-1.1867227443506367,-0.0480237119286636,-3.1234953641349614,1.0,1.0,2022-03-16 11:26:42.898,2.4294689220198755,-19.690425679018993
7471,24276,2300,Pedestrian,-1.203489247360365,-0.0574971245466565,-3.1234953641349614,1.0,1.0,2022-03-16 11:26:42.998,2.3100760146631463,-19.695746673427983
7471,24278,2400,Pedestrian,-1.218089972416405,-0.0681362540246518,-3.0867204919539697,1.0,1.0,2022-03-16 11:26:43.098,2.190683107306417,-19.701067667836977
7471,24279,2500,Pedestrian,-1.230897086411615,-0.0804868289735332,-3.0867204919539697,1.0,1.0,2022-03-16 11:26:43.198,2.0659727648760637,-19.711628477395628
7471,24281,2600,Pedestrian,-1.2422977280989111,-0.0951402598752437,-3.0867204919539697,1.0,1.0,2022-03-16 11:26:43.298,1.9412624224457105,-19.722189286954283
7471,24282,2700,Pedestrian,-1.252701914082219,-0.112772632202365,-3.0867204919539697,1.0,1.0,2022-03-16 11:26:43.398,1.8165520800153572,-19.732750096512934
7471,24284,2800,Pedestrian,-1.262516968621381,-0.1340326612949384,-3.037588025186799,1.0,1.0,2022-03-16 11:26:43.498,1.691841737585004,-19.743310906071585
7471,24285,2900,Pedestrian,-1.272091947537619,-0.15938725576234,-3.037588025186799,1.0,1.0,2022-03-16 11:26:43.598,1.563171168025713,-19.764111543029273
7471,24287,3000,Pedestrian,-1.2816719019903686,-0.1889688625374938,-3.037588025186799,1.0,1.0,2022-03-16 11:26:43.698,1.4345005984664223,-19.784912179986964
7471,24288,3100,Pedestrian,-1.291435489558925,-0.2227427586664993,-3.037588025186799,1.0,1.0,2022-03-16 11:26:43.798,1.3058300289071316,-19.805712816944656
7471,24290,3200,Pedestrian,-1.301623443284719,-0.2609266013412534,-2.9507951231194043,1.0,1.0,2022-03-16 11:26:43.898,1.1771594593478407,-19.826513453902344
7471,24291,3300,Pedestrian,-1.312449060765277,-0.3037110218926749,-2.9507951231194043,1.0,1.0,2022-03-16 11:26:43.998,1.0441073466550619,-19.86436715944056
7471,24293,3400,Pedestrian,-1.3240431383946203,-0.3510634352283399,-2.9507951231194043,1.0,1.0,2022-03-16 11:26:44.098,0.9110552339622829,-19.902220864978776
7471,24294,3500,Pedestrian,-1.336350253810745,-0.4024047715499184,-2.9507951231194043,1.0,1.0,2022-03-16 11:26:44.198,0.778003121269504,-19.94007457051699
7471,24296,3600,Pedestrian,-1.3492420547405126,-0.4569689928577243,-2.8288769925093797,1.0,1.0,2022-03-16 11:26:44.298,0.6449510085767252,-19.97792827605521
7471,24297,3700,Pedestrian,-1.3625543461414935,-0.5139332574204044,-2.8288769925093797,1.0,1.0,2022-03-16 11:26:44.398,0.5066689733202681,-20.038134117176693
7471,24298,3800,Pedestrian,-1.3760975761906602,-0.5724287847905165,-2.8288769925093797,1.0,1.0,2022-03-16 11:26:44.498,0.36838693806381095,-20.098339958298176
7471,24300,3900,Pedestrian,-1.3896535408684014,-0.6315448267279318,-2.8288769925093797,1.0,1.0,2022-03-16 11:26:44.598,0.23010490280735385,-20.158545799419656
7471,24302,4000,Pedestrian,-1.4029759470577292,-0.6903267759204472,-2.7008109268973968,1.0,1.0,2022-03-16 11:26:44.698,0.0918228675508967,-20.21875164054114
7471,24303,4100,Pedestrian,-1.4157859317783212,-0.7477688251509199,-2.7008109268973968,1.0,1.0,2022-03-16 11:26:44.798,-0.05143138182912514,-20.301410069965897
7471,24305,4200,Pedestrian,-1.427779603068478,-0.8028200732375614,-2.7008109268973968,1.0,1.0,2022-03-16 11:26:44.898,-0.194685631209147,-20.384068499390654
7471,24306,4300,Pedestrian,-1.438626851999642,-0.854389186427938,-2.7008109268973968,1.0,1.0,2022-03-16 11:26:44.998,-0.33793988058916885,-20.46672692881541
7471,24308,4400,Pedestrian,-1.4479775883544337,-0.9013590921738772,-2.6049449425968105,1.0,1.0,2022-03-16 11:26:45.098,-0.4811941299691907,-20.54938535824017
7471,24309,4500,Pedestrian,-1.4554849137438863,-0.9426696930028914,-2.6049449425968105,1.0,1.0,2022-03-16 11:26:45.198,-0.6267426213435794,-20.643652327540455
7471,24311,4600,Pedestrian,-1.4608696494311448,-0.9774798763453414,-2.5519016549318976,1.0,1.0,2022-03-16 11:26:45.298,-0.7728295862866938,-20.741400315174992
7471,24312,4700,Pedestrian,-1.4639354020455355,-1.005219422204213,-2.5398789283087755,1.0,1.0,2022-03-16 11:26:45.398,-0.9192231264912474,-20.841922257395414
7471,24314,4800,Pedestrian,-1.464565821631567,-1.025561474373582,-2.5306992637174344,1.0,1.0,2022-03-16 11:26:45.498,-1.065679708654404,-20.94447840483277
7471,24315,4900,Pedestrian,-1.4626811136582087,-1.0383098080849609,-2.5242748496052467,1.0,1.0,2022-03-16 11:26:45.598,-1.211947820020225,-21.048309385641268
7471,24317,5000,Pedestrian,-1.458241932486979,-1.0433913063145177,-2.5205308652880842,1.0,1.0,2022-03-16 11:26:45.698,-1.3577720132689228,-21.15264851627272
7471,24318,5100,Pedestrian,-1.4512331497841746,-1.0408224243466433,-2.5194170022954783,1.0,1.0,2022-03-16 11:26:45.798,-1.5028953282473403,-21.256730758707384
7471,24320,5200,Pedestrian,-1.4416632337223834,-1.0306933729451015,-2.5209143453933636,1.0,1.0,2022-03-16 11:26:45.898,-1.6470616516195786,-21.35980009600189
7471,24321,5300,Pedestrian,-1.4295617149229891,-1.0131743541505849,-2.5375548980818947,1.0,1.0,2022-03-16 11:26:45.998,-1.7876131696257425,-21.456792008388472
7471,24323,5400,Pedestrian,-1.4150161029370072,-0.9885892481468525,-2.5375548980818947,1.0,1.0,2022-03-16 11:26:46.098,-1.9281646876319063,-21.553783920775054
7471,24324,5500,Pedestrian,-1.3981832909661438,-0.9574505314749614,-2.5375548980818947,1.0,1.0,2022-03-16 11:26:46.198,-2.0687162056380703,-21.65077583316163
7471,24326,5600,Pedestrian,-1.3792996114204124,-0.9204623616907884,-2.550811355736661,1.0,1.0,2022-03-16 11:26:46.298,-2.209267723644234,-21.747767745548213
7471,24327,5700,Pedestrian,-1.3586545642614742,-0.8784673247993167,-2.550811355736661,1.0,1.0,2022-03-16 11:26:46.398,-2.3417248369369323,-21.82842794103169
7471,24329,5800,Pedestrian,-1.3365875448281226,-0.83242465932468,-2.550811355736661,1.0,1.0,2022-03-16 11:26:46.498,-2.4741819502296307,-21.909088136515166
7471,24330,5900,Pedestrian,-1.3134569038527384,-0.7833485604024304,-2.550811355736661,1.0,1.0,2022-03-16 11:26:46.598,-2.6066390635223287,-21.98974833199864
7471,24332,6000,Pedestrian,-1.289585518765594,-0.7321672748126683,-2.615601345609998,1.0,1.0,2022-03-16 11:26:46.698,-2.739096176815027,-22.07040852748212
7471,24333,6100,Pedestrian,-1.265233384391791,-0.6796688036039458,-2.615601345609998,1.0,1.0,2022-03-16 11:26:46.798,-2.86192832159308,-22.130429333129808
7471,24335,6200,Pedestrian,-1.240615333290438,-0.6265310843716416,-2.615601345609998,1.0,1.0,2022-03-16 11:26:46.898,-2.984760466371133,-22.1904501387775
7471,24336,6300,Pedestrian,-1.2159510057788705,-0.573451544151346,-2.615601345609998,1.0,1.0,2022-03-16 11:26:46.998,-3.107592611149186,-22.25047094442519
7471,24338,6400,Pedestrian,-1.1914860676610182,-0.52118079378058,-2.7130822849966583,1.0,1.0,2022-03-16 11:26:47.098,-3.2304247559272388,-22.310491750072877
7471,24339,6500,Pedestrian,-1.167470800529262,-0.470464499626857,-2.7130822849966583,1.0,1.0,2022-03-16 11:26:47.198,-3.343757875870369,-22.350538374103216
7471,24341,6600,Pedestrian,-1.1441366382461602,-0.421970978627542,-2.7130822849966583,1.0,1.0,2022-03-16 11:26:47.298,-3.4570909958135,-22.39058499813355
7471,24342,6700,Pedestrian,-1.1216494071204195,-0.3761773024157476,-2.7130822849966583,1.0,1.0,2022-03-16 11:26:47.398,-3.5704241157566305,-22.430631622163887
7471,24344,6800,Pedestrian,-1.10006795182938,-0.3332521805433329,-2.8314229867741556,1.0,1.0,2022-03-16 11:26:47.498,-3.683757235699761,-22.470678246194225
7471,24345,6900,Pedestrian,-1.0793600859846018,-0.2930948927036426,-2.8314229867741556,1.0,1.0,2022-03-16 11:26:47.598,-3.7878387587600275,-22.492872776887165
7471,24347,7000,Pedestrian,-1.0594446705809666,-0.2554490692517322,-2.8314229867741556,1.0,1.0,2022-03-16 11:26:47.698,-3.891920281820294,-22.515067307580107
7471,24348,7100,Pedestrian,-1.040228755138668,-0.220032095404328,-2.8314229867741556,1.0,1.0,2022-03-16 11:26:47.798,-3.99600180488056,-22.537261838273047
7471,24350,7200,Pedestrian,-1.0216040982978656,-0.1865361252063383,-2.9573357914011384,1.0,1.0,2022-03-16 11:26:47.898,-4.100083327940827,-22.55945636896599
7471,24351,7300,Pedestrian,-1.0034385430112192,-0.1546143520810616,-2.9573357914011384,1.0,1.0,2022-03-16 11:26:47.998,-4.204164851001093,-22.58165089965893
7471,24353,7400,Pedestrian,-0.985596672533422,-0.1239134560390916,-2.9573357914011384,1.0,1.0,2022-03-16 11:26:48.098,-4.299207056009162,-22.58817688746201
7471,24354,7500,Pedestrian,-0.9679493131140582,-0.094097375480083,-2.9573357914011384,1.0,1.0,2022-03-16 11:26:48.198,-4.39424926101723,-22.59470287526509
7471,24356,7600,Pedestrian,-0.9503926574617072,-0.0648727328984939,-2.9573357914011384,1.0,1.0,2022-03-16 11:26:48.298,-4.4892914660253,-22.60122886306817
7471,24357,7700,Pedestrian,-0.9328551048914856,-0.0360149043870101,-3.104872473982532,1.0,1.0,2022-03-16 11:26:48.398,-4.584333671033368,-22.60775485087125
7471,24359,7800,Pedestrian,-0.9153165024027656,-0.0074009213492946,-3.104872473982532,1.0,1.0,2022-03-16 11:26:48.498,-4.679375876041437,-22.61428083867433
7471,24360,7900,Pedestrian,-0.89779963484224,0.0209966443778242,-3.104872473982532,1.0,1.0,2022-03-16 11:26:48.598,-4.764874122409397,-22.60528395536345
7471,24362,8000,Pedestrian,-0.8803670988945721,0.0491325005613777,-3.104872473982532,1.0,1.0,2022-03-16 11:26:48.698,-4.850372368777358,-22.59628707205257
7471,24363,8100,Pedestrian,-0.8631000527479937,0.0769242108050597,-3.104872473982532,1.0,1.0,2022-03-16 11:26:48.798,-4.935870615145319,-22.58729018874169
7471,24365,8200,Pedestrian,-0.8460899995027659,0.1042739919065743,-3.104872473982532,1.0,1.0,2022-03-16 11:26:48.898,-5.021368861513279,-22.57829330543081
7471,24366,8300,Pedestrian,-0.8294155444077589,0.1311007060955302,3.004110135160658,1.0,1.0,2022-03-16 11:26:48.998,-5.106867107881239,-22.56929642211993
7471,24368,8400,Pedestrian,-0.8131224516823021,0.1573849449063756,3.004110135160658,1.0,1.0,2022-03-16 11:26:49.098,-5.1923653542492,-22.56029953880905
7471,24369,8500,Pedestrian,-0.7972092857686074,0.1831898860752905,3.004110135160658,1.0,1.0,2022-03-16 11:26:49.198,-5.268272898042447,-22.535636054696646
7471,24371,8600,Pedestrian,-0.7816316399119748,0.2086603948625768,3.004110135160658,1.0,1.0,2022-03-16 11:26:49.298,-5.344180441835693,-22.510972570584237
7471,24372,8700,Pedestrian,-0.7663279670261504,0.2339665643392759,3.004110135160658,1.0,1.0,2022-03-16 11:26:49.398,-5.420087985628939,-22.486309086471827
7471,24374,8800,Pedestrian,-0.7512480766826889,0.2592561261932148,3.004110135160658,1.0,1.0,2022-03-16 11:26:49.498,-5.495995529422186,-22.46164560235942
7471,24375,8900,Pedestrian,-0.7363649372509421,0.2846219445915203,2.791067419860539,1.0,1.0,2022-03-16 11:26:49.598,-5.571903073215433,-22.436982118247016
7471,24377,9000,Pedestrian,-0.7216707209544193,0.3101141306825992,2.791067419860539,1.0,1.0,2022-03-16 11:26:49.698,-5.647810617008679,-22.412318634134607
7471,24378,9100,Pedestrian,-0.707162565784234,0.3357597025032175,2.791067419860539,1.0,1.0,2022-03-16 11:26:49.798,-5.715034704576663,-22.372289292812276
7471,24380,9200,Pedestrian,-0.6928518234898107,0.361552274234924,2.791067419860539,1.0,1.0,2022-03-16 11:26:49.898,-5.782258792144646,-22.33225995148994
7471,24381,9300,Pedestrian,-0.6787657194722648,0.3874383965677811,2.791067419860539,1.0,1.0,2022-03-16 11:26:49.998,-5.849482879712631,-22.292230610167607
7471,24383,9400,Pedestrian,-0.6649498684738385,0.4133167310462584,2.791067419860539,1.0,1.0,2022-03-16 11:26:50.098,-5.916706967280615,-22.252201268845276
7471,24384,9500,Pedestrian,-0.6514442083002868,0.4390746515123567,2.569132455760581,1.0,1.0,2022-03-16 11:26:50.198,-5.983931054848599,-22.212171927522945
7471,24386,9600,Pedestrian,-0.6382710685586089,0.464618723475425,2.569132455760581,1.0,1.0,2022-03-16 11:26:50.298,-6.051155142416583,-22.17214258620061
7471,24387,9700,Pedestrian,-0.6254417455019734,0.4898575360732592,2.569132455760581,1.0,1.0,2022-03-16 11:26:50.398,-6.110769021668185,-22.117260295607224
7471,24389,9800,Pedestrian,-0.6129930570460295,0.5146440219544602,2.569132455760581,1.0,1.0,2022-03-16 11:26:50.498,-6.170382900919786,-22.062378005013837
7471,24390,9900,Pedestrian,-0.6010039968266592,0.538744555319148,2.569132455760581,1.0,1.0,2022-03-16 11:26:50.598,-6.229996780171388,-22.00749571442045
7471,24392,10000,Pedestrian,-0.5895848103074459,0.5618781312652746,2.569132455760581,1.0,1.0,2022-03-16 11:26:50.698,-6.28961065942299,-21.952613423827067
7471,24393,10100,Pedestrian,-0.5788566218311877,0.5837514864270329,2.374031322260864,1.0,1.0,2022-03-16 11:26:50.798,-6.349224538674591,-21.89773113323368
7471,24395,10200,Pedestrian,-0.5689525235827999,0.6040617045639961,2.374031322260864,1.0,1.0,2022-03-16 11:26:50.898,-6.408838417926193,-21.842848842640294
7471,24396,10300,Pedestrian,-0.5600030086023807,0.6225096317361436,2.374031322260864,1.0,1.0,2022-03-16 11:26:50.998,-6.463195543624171,-21.77718708519213
7471,24398,10400,Pedestrian,-0.5520908290091511,0.6388949677451446,2.374031322260864,1.0,1.0,2022-03-16 11:26:51.098,-6.51755266932215,-21.711525327743963
7471,24399,10500,Pedestrian,-0.5452179718843461,0.653174167481794,2.374031322260864,1.0,1.0,2022-03-16 11:26:51.198,-6.5719097950201295,-21.6458635702958
7471,24401,10600,Pedestrian,-0.5393387924394945,0.6654091513244252,2.374031322260864,1.0,1.0,2022-03-16 11:26:51.298,-6.626266920718108,-21.580201812847633
7471,24402,10700,Pedestrian,-0.5344017519692824,0.6756786570441162,2.2541133981356407,1.0,1.0,2022-03-16 11:26:51.398,-6.680624046416087,-21.51454005539947
7471,24404,10800,Pedestrian,-0.5303751879740745,0.6840388715582792,2.2541133981356407,1.0,1.0,2022-03-16 11:26:51.498,-6.7349811721140656,-21.448878297951303
7471,24405,10900,Pedestrian,-0.5272195515779289,0.6905689988341024,2.2541133981356407,1.0,1.0,2022-03-16 11:26:51.598,-6.787334768967166,-21.379061061387684
7471,24407,11000,Pedestrian,-0.5248811999162137,0.6953928363607886,2.2541133981356407,1.0,1.0,2022-03-16 11:26:51.698,-6.839688365820266,-21.309243824824065
7471,24408,11100,Pedestrian,-0.5232833299774594,0.6986834125342513,2.2541133981356407,1.0,1.0,2022-03-16 11:26:51.798,-6.892041962673367,-21.239426588260446
7471,24409,11200,Pedestrian,-0.5223180124351504,0.7006786491993108,2.2541133981356407,1.0,1.0,2022-03-16 11:26:51.898,-6.944395559526467,-21.169609351696828
7471,24411,11300,Pedestrian,-0.5218394913109317,0.7016785650193567,2.2541133981356407,1.0,1.0,2022-03-16 11:26:51.998,-6.996749156379567,-21.09979211513321
7471,24413,11400,Pedestrian,-0.5216742259683387,0.7020317318693254,2.2541133981356407,1.0,1.0,2022-03-16 11:26:52.098,-7.049102753232668,-21.02997487856959
